ticker,name,sector,verde_esg_score,scores_as_of
V,Visa Inc.,Financials,99.44,2026-09-30
MCO,Moody's Corporation,Financials,99.44,2026-09-30
IQV,IQVIA,Health Care,98.21,2026-09-30
PANW,Palo Alto Networks,Information Technology,97.79,2026-09-30
DELL,Dell Technologies,Information Technology,97.38,2026-09-30
ROK,Rockwell Automation,Industrials,97.18,2026-09-30
BKNG,Booking Holdings,Consumer Discretionary,96.96,2026-09-30
PM,Philip Morris International,Consumer Staples,96.76,2026-09-30
NDAQ,"Nasdaq, Inc.",Financials,96.06,2026-09-30
MRSH,Marsh McLennan,Financials,96.06,2026-09-30
SPGI,S&P Global,Financials,96.06,2026-09-30
PLD,Prologis,Real Estate,95.71,2026-09-30
QCOM,Qualcomm,Information Technology,94.65,2026-09-30
GEHC,GE HealthCare,Health Care,94.26,2026-09-30
DHR,Danaher Corporation,Health Care,94.04,2026-09-30
PTC,PTC Inc.,Information Technology,93.63,2026-09-30
ACN,Accenture,Information Technology,93.63,2026-09-30
ADBE,Adobe Inc.,Information Technology,93.63,2026-09-30
LITE,Lumentum,Information Technology,93.63,2026-09-30
INTU,Intuit,Information Technology,93.63,2026-09-30
HD,Home Depot (The),Consumer Discretionary,93.57,2026-09-30
NFLX,Netflix,Communication Services,93.57,2026-09-30
HAS,Hasbro,Consumer Discretionary,93.53,2026-09-30
PYPL,PayPal,Financials,93.01,2026-09-30
MCD,McDonald's,Consumer Discretionary,92.7,2026-09-30
VRSK,Verisk Analytics,Industrials,92.51,2026-09-30
AXP,American Express,Financials,91.83,2026-09-30
WAT,Waters Corporation,Health Care,91.81,2026-09-30
ILMN,"Illumina, Inc.",Health Care,91.56,2026-09-30
VZ,Verizon,Communication Services,91.4,2026-09-30
CMCSA,Comcast,Communication Services,91.4,2026-09-30
T,AT&T,Communication Services,91.4,2026-09-30
NOW,ServiceNow,Information Technology,91.36,2026-09-30
CIEN,Ciena,Information Technology,91.36,2026-09-30
FTNT,Fortinet,Information Technology,91.36,2026-09-30
SBAC,SBA Communications,Real Estate,91.32,2026-09-30
FDX,FedEx,Industrials,90.9,2026-09-30
OTIS,Otis Worldwide,Industrials,90.9,2026-09-30
UNP,Union Pacific Corporation,Industrials,90.9,2026-09-30
ECL,Ecolab,Materials,90.69,2026-09-30
LVS,Las Vegas Sands,Consumer Discretionary,90.53,2026-09-30
DECK,Deckers Brands,Consumer Discretionary,90.53,2026-09-30
CMG,Chipotle Mexican Grill,Consumer Discretionary,90.53,2026-09-30
TT,Trane Technologies,Industrials,90.43,2026-09-30
CDNS,Cadence Design Systems,Information Technology,90.26,2026-09-30
HPQ,HP Inc.,Information Technology,90.15,2026-09-30
EL,Estée Lauder Companies (The),Consumer Staples,89.74,2026-09-30
CBRE,CBRE Group,Real Estate,89.68,2026-09-30
MA,Mastercard,Financials,89.63,2026-09-30
TPR,"Tapestry, Inc.",Consumer Discretionary,89.46,2026-09-30
XYL,Xylem Inc.,Industrials,89.42,2026-09-30
BXP,"BXP, Inc.",Real Estate,89.29,2026-09-30
MSCI,MSCI,Financials,89.29,2026-09-30
ESS,Essex Property Trust,Real Estate,89.29,2026-09-30
IR,Ingersoll Rand,Industrials,89.29,2026-09-30
WDC,Western Digital,Information Technology,89.26,2026-09-30
ABBV,AbbVie,Health Care,89.15,2026-09-30
LH,Labcorp,Health Care,88.97,2026-09-30
ETN,Eaton Corporation,Industrials,88.52,2026-09-30
META,Meta Platforms,Communication Services,88.29,2026-09-30
MRNA,Moderna,Health Care,87.98,2026-09-30
FRT,Federal Realty Investment Trust,Real Estate,87.79,2026-09-30
TECH,Bio-Techne,Health Care,87.61,2026-09-30
CSGP,CoStar Group,Real Estate,87.61,2026-09-30
VEEV,Veeva Systems,Health Care,87.61,2026-09-30
EBAY,eBay Inc.,Consumer Discretionary,87.35,2026-09-30
MSFT,Microsoft,Information Technology,87.2,2026-09-30
NVDA,Nvidia,Information Technology,87.2,2026-09-30
WDAY,"Workday, Inc.",Information Technology,87.2,2026-09-30
MRVL,Marvell Technology,Information Technology,87.2,2026-09-30
NTAP,NetApp,Information Technology,87.2,2026-09-30
MDT,Medtronic,Health Care,87.08,2026-09-30
MO,Altria,Consumer Staples,87.03,2026-09-30
TMO,Thermo Fisher Scientific,Health Care,87.01,2026-09-30
EQIX,Equinix,Real Estate,86.98,2026-09-30
ANET,Arista Networks,Information Technology,86.77,2026-09-30
TER,Teradyne,Information Technology,86.77,2026-09-30
CSX,CSX Corporation,Industrials,86.61,2026-09-30
NSC,Norfolk Southern,Industrials,86.61,2026-09-30
DIS,Walt Disney Company (The),Communication Services,86.57,2026-09-30
BALL,Ball Corporation,Materials,86.56,2026-09-30
CARR,Carrier Global,Industrials,86.4,2026-09-30
BMY,Bristol Myers Squibb,Health Care,86.36,2026-09-30
BBY,Best Buy,Consumer Discretionary,86.27,2026-09-30
OMC,Omnicom Group,Communication Services,86.11,2026-09-30
A,Agilent Technologies,Health Care,86.06,2026-09-30
ELV,Elevance Health,Health Care,85.9,2026-09-30
GILD,Gilead Sciences,Health Care,85.84,2026-09-30
RL,Ralph Lauren Corporation,Consumer Discretionary,85.78,2026-09-30
TEL,TE Connectivity,Information Technology,85.72,2026-09-30
AMGN,Amgen,Health Care,85.56,2026-09-30
AMD,Advanced Micro Devices,Information Technology,85.36,2026-09-30
ZBRA,Zebra Technologies,Information Technology,85.19,2026-09-30
EMR,Emerson Electric,Industrials,85.17,2026-09-30
KHC,Kraft Heinz,Consumer Staples,85.05,2026-09-30
AVY,Avery Dennison,Materials,85.02,2026-09-30
REG,Regency Centers,Real Estate,85.0,2026-09-30
DOC,Healthpeak Properties,Real Estate,85.0,2026-09-30
HPE,Hewlett Packard Enterprise,Information Technology,84.8,2026-09-30
AMCR,Amcor,Materials,84.75,2026-09-30
UNH,UnitedHealth Group,Health Care,84.74,2026-09-30
CDW,CDW Corporation,Information Technology,84.55,2026-09-30
CHD,Church & Dwight,Consumer Staples,84.38,2026-09-30
NKE,"Nike, Inc.",Consumer Discretionary,83.9,2026-09-30
CRWD,CrowdStrike,Information Technology,83.83,2026-09-30
KLAC,KLA Corporation,Information Technology,83.83,2026-09-30
SNPS,Synopsys,Information Technology,83.83,2026-09-30
FLEX,Flex Ltd.,Information Technology,83.79,2026-09-30
IRM,Iron Mountain,Real Estate,83.41,2026-09-30
DLR,Digital Realty,Real Estate,83.33,2026-09-30
CLX,Clorox,Consumer Staples,83.32,2026-09-30
KIM,Kimco Realty,Real Estate,83.29,2026-09-30
SBUX,Starbucks,Consumer Discretionary,83.28,2026-09-30
LRCX,Lam Research,Information Technology,83.26,2026-09-30
HSY,Hershey Company (The),Consumer Staples,83.07,2026-09-30
EW,Edwards Lifesciences,Health Care,82.98,2026-09-30
XYZ,"Block, Inc.",Financials,82.86,2026-09-30
EFX,Equifax,Industrials,82.81,2026-09-30
CVS,CVS Health,Health Care,82.78,2026-09-30
PH,Parker Hannifin,Industrials,82.66,2026-09-30
ZBH,Zimmer Biomet,Health Care,82.23,2026-09-30
AMAT,Applied Materials,Information Technology,82.19,2026-09-30
NEM,Newmont,Materials,82.06,2026-09-30
FFIV,"F5, Inc.",Information Technology,81.89,2026-09-30
JNJ,Johnson & Johnson,Health Care,81.86,2026-09-30
UAL,United Airlines Holdings,Industrials,81.8,2026-09-30
WST,West Pharmaceutical Services,Health Care,81.75,2026-09-30
BR,Broadridge Financial Solutions,Industrials,81.45,2026-09-30
YUM,Yum! Brands,Consumer Discretionary,81.41,2026-09-30
ULTA,Ulta Beauty,Consumer Discretionary,81.41,2026-09-30
PEP,PepsiCo,Consumer Staples,81.37,2026-09-30
NXPI,NXP Semiconductors,Information Technology,81.32,2026-09-30
MDLZ,Mondelez International,Consumer Staples,81.22,2026-09-30
KVUE,Kenvue,Consumer Staples,81.12,2026-09-30
KDP,Keurig Dr Pepper,Consumer Staples,80.8,2026-09-30
SWK,Stanley Black & Decker,Industrials,80.79,2026-09-30
MCK,McKesson Corporation,Health Care,80.47,2026-09-30
IT,Gartner,Information Technology,80.34,2026-09-30
GIS,General Mills,Consumer Staples,80.34,2026-09-30
PG,Procter & Gamble,Consumer Staples,80.33,2026-09-30
DE,Deere & Company,Industrials,80.19,2026-09-30
CL,Colgate-Palmolive,Consumer Staples,80.18,2026-09-30
LII,Lennox International,Industrials,80.05,2026-09-30
ABNB,Airbnb,Consumer Discretionary,80.04,2026-09-30
EXPE,Expedia Group,Consumer Discretionary,80.04,2026-09-30
VLTO,Veralto,Industrials,79.97,2026-09-30
HSIC,Henry Schein,Health Care,79.7,2026-09-30
DOV,Dover Corporation,Industrials,79.38,2026-09-30
F,Ford Motor Company,Consumer Discretionary,79.37,2026-09-30
STX,Seagate Technology,Information Technology,79.29,2026-09-30
COR,Cencora,Health Care,79.28,2026-09-30
FSLR,First Solar,Information Technology,79.15,2026-09-30
AAPL,Apple Inc.,Information Technology,78.98,2026-09-30
HST,Host Hotels & Resorts,Real Estate,78.96,2026-09-30
ADI,Analog Devices,Information Technology,78.59,2026-09-30
GM,General Motors,Consumer Discretionary,78.56,2026-09-30
AON,Aon plc,Financials,78.33,2026-09-30
CMI,Cummins,Industrials,78.26,2026-09-30
MKC,McCormick & Company,Consumer Staples,78.02,2026-09-30
WY,Weyerhaeuser,Real Estate,77.61,2026-09-30
AMT,American Tower,Real Estate,76.81,2026-09-30
BSX,Boston Scientific,Health Care,76.72,2026-09-30
SJM,J.M. Smucker Company (The),Consumer Staples,76.72,2026-09-30
VTRS,Viatris,Health Care,76.49,2026-09-30
HUM,Humana,Health Care,76.26,2026-09-30
APTV,Aptiv,Consumer Discretionary,75.54,2026-09-30
ADSK,Autodesk,Information Technology,75.46,2026-09-30
PPG,PPG Industries,Materials,75.27,2026-09-30
IFF,International Flavors & Fragrances,Materials,75.08,2026-09-30
NRG,NRG Energy,Utilities,74.54,2026-09-30
WMT,Walmart,Consumer Staples,74.11,2026-09-30
MAR,Marriott International,Consumer Discretionary,73.14,2026-09-30
GLW,Corning Inc.,Information Technology,73.0,2026-09-30
CAH,Cardinal Health,Health Care,72.98,2026-09-30
HRL,Hormel Foods,Consumer Staples,72.83,2026-09-30
PFE,Pfizer,Health Care,72.36,2026-09-30
PPL,PPL Corporation,Utilities,71.58,2026-09-30
VTR,Ventas,Real Estate,71.34,2026-09-30
TSN,Tyson Foods,Consumer Staples,71.1,2026-09-30
KMB,Kimberly-Clark,Consumer Staples,71.03,2026-09-30
CRH,CRH plc,Materials,70.94,2026-09-30
DVA,DaVita,Health Care,70.78,2026-09-30
WELL,Welltower,Real Estate,70.0,2026-09-30
SPG,Simon Property Group,Real Estate,69.98,2026-09-30
TXN,Texas Instruments,Information Technology,69.72,2026-09-30
KEYS,Keysight Technologies,Information Technology,69.57,2026-09-30
TGT,Target Corporation,Consumer Staples,69.36,2026-09-30
CRL,Charles River Laboratories,Health Care,69.14,2026-09-30
MLM,Martin Marietta Materials,Materials,68.96,2026-09-30
TRMB,Trimble Inc.,Information Technology,68.94,2026-09-30
WSM,"Williams-Sonoma, Inc.",Consumer Discretionary,68.8,2026-09-30
IP,International Paper,Materials,68.73,2026-09-30
CI,Cigna,Health Care,68.21,2026-09-30
MMM,3M,Industrials,67.62,2026-09-30
SYY,Sysco,Consumer Staples,67.51,2026-09-30
NTRS,Northern Trust,Financials,66.06,2026-09-30
MET,MetLife,Financials,66.06,2026-09-30
PCAR,Paccar,Industrials,65.91,2026-09-30
AVGO,Broadcom,Information Technology,64.67,2026-09-30
VST,Vistra Corp.,Utilities,64.26,2026-09-30
CTVA,Corteva,Materials,64.1,2026-09-30
DAL,Delta Air Lines,Industrials,63.89,2026-09-30
LMT,Lockheed Martin,Industrials,63.1,2026-09-30
RSG,Republic Services,Industrials,61.95,2026-09-30
CEG,Constellation Energy,Utilities,61.8,2026-09-30
DD,DuPont,Materials,60.95,2026-09-30
PEG,Public Service Enterprise Group,Utilities,60.08,2026-09-30
FIX,Comfort Systems USA,Industrials,60.04,2026-09-30
LIN,Linde plc,Materials,59.86,2026-09-30
NOC,Northrop Grumman,Industrials,59.85,2026-09-30
AWK,American Water Works,Utilities,59.46,2026-09-30
PCG,PG&E Corporation,Utilities,59.46,2026-09-30
MU,Micron Technology,Information Technology,58.31,2026-09-30
EIX,Edison International,Utilities,58.19,2026-09-30
BDX,Becton Dickinson,Health Care,57.91,2026-09-30
EOG,EOG Resources,Energy,57.86,2026-09-30
VICI,Vici Properties,Real Estate,57.79,2026-09-30
EXPD,Expeditors International,Industrials,57.61,2026-09-30
PHM,PulteGroup,Consumer Discretionary,57.09,2026-09-30
NEE,NextEra Energy,Utilities,56.96,2026-09-30
SRE,Sempra,Utilities,56.94,2026-09-30
SOLV,Solventum,Health Care,56.9,2026-09-30
BA,Boeing,Industrials,56.73,2026-09-30
SNDK,Sandisk,Information Technology,56.6,2026-09-30
BAC,Bank of America,Financials,56.59,2026-09-30
AJG,Arthur J. Gallagher & Co.,Financials,56.59,2026-09-30
MS,Morgan Stanley,Financials,56.59,2026-09-30
BLK,BlackRock,Financials,56.59,2026-09-30
JBHT,J.B. Hunt,Industrials,56.31,2026-09-30
RTX,RTX Corporation,Industrials,56.21,2026-09-30
ALB,Albemarle Corporation,Materials,55.8,2026-09-30
D,Dominion Energy,Utilities,55.72,2026-09-30
REGN,Regeneron Pharmaceuticals,Health Care,55.69,2026-09-30
ED,Consolidated Edison,Utilities,55.36,2026-09-30
CNC,Centene Corporation,Health Care,55.36,2026-09-30
GOOGL,Alphabet Inc. (Class A),Communication Services,54.97,2026-09-30
CHTR,Charter Communications,Communication Services,54.97,2026-09-30
GOOG,Alphabet Inc. (Class C),Communication Services,54.97,2026-09-30
CTSH,Cognizant,Information Technology,54.93,2026-09-30
CSCO,Cisco,Information Technology,54.93,2026-09-30
CRM,Salesforce,Information Technology,54.93,2026-09-30
WMB,Williams Companies,Energy,54.85,2026-09-30
GE,GE Aerospace,Industrials,54.82,2026-09-30
LHX,L3Harris,Industrials,54.61,2026-09-30
KO,Coca-Cola Company (The),Consumer Staples,54.51,2026-09-30
CHRW,C.H. Robinson,Industrials,54.47,2026-09-30
J,Jacobs Solutions,Industrials,54.47,2026-09-30
UPS,United Parcel Service,Industrials,54.47,2026-09-30
FTV,Fortive,Industrials,54.47,2026-09-30
BIIB,Biogen,Health Care,54.17,2026-09-30
CCL,Carnival Corporation,Consumer Discretionary,54.1,2026-09-30
LOW,Lowe's,Consumer Discretionary,54.1,2026-09-30
RCL,Royal Caribbean Group,Consumer Discretionary,54.1,2026-09-30
DRI,Darden Restaurants,Consumer Discretionary,54.1,2026-09-30
MGM,MGM Resorts,Consumer Discretionary,54.1,2026-09-30
DTE,DTE Energy,Utilities,53.94,2026-09-30
KR,Kroger,Consumer Staples,53.9,2026-09-30
DLTR,Dollar Tree,Consumer Staples,53.9,2026-09-30
STE,Steris,Health Care,53.84,2026-09-30
SLB,Schlumberger,Energy,53.74,2026-09-30
FANG,Diamondback Energy,Energy,53.74,2026-09-30
IEX,IDEX Corporation,Industrials,53.52,2026-09-30
HWM,Howmet Aerospace,Industrials,53.48,2026-09-30
AMZN,Amazon,Consumer Discretionary,53.38,2026-09-30
MPC,Marathon Petroleum,Energy,53.32,2026-09-30
DHI,D. R. Horton,Consumer Discretionary,53.24,2026-09-30
MTB,M&T Bank,Financials,53.2,2026-09-30
BRK-B,Berkshire Hathaway,Financials,53.2,2026-09-30
GS,Goldman Sachs,Financials,53.2,2026-09-30
EG,Everest Group,Financials,53.2,2026-09-30
HIG,Hartford (The),Financials,53.2,2026-09-30
ALL,Allstate,Financials,53.2,2026-09-30
RF,Regions Financial Corporation,Financials,53.2,2026-09-30
AFL,Aflac,Financials,53.2,2026-09-30
STT,State Street Corporation,Financials,53.2,2026-09-30
FIS,Fidelity National Information Services,Financials,53.2,2026-09-30
FDS,FactSet,Financials,53.2,2026-09-30
FITB,Fifth Third Bancorp,Financials,53.2,2026-09-30
PRU,Prudential Financial,Financials,53.2,2026-09-30
WFC,Wells Fargo,Financials,53.2,2026-09-30
TFC,Truist Financial,Financials,53.2,2026-09-30
ARES,Ares Management,Financials,53.2,2026-09-30
AIZ,Assurant,Financials,53.2,2026-09-30
JPM,JPMorgan Chase,Financials,53.2,2026-09-30
CINF,Cincinnati Financial,Financials,53.2,2026-09-30
TRV,Travelers Companies (The),Financials,53.2,2026-09-30
C,Citigroup,Financials,53.2,2026-09-30
WRB,W. R. Berkley Corporation,Financials,53.2,2026-09-30
AIG,American International Group,Financials,53.2,2026-09-30
OKE,Oneok,Energy,53.19,2026-09-30
AME,Ametek,Industrials,52.96,2026-09-30
VMRK,Vivmark Residential,Real Estate,52.86,2026-09-30
O,Realty Income,Real Estate,52.86,2026-09-30
MAA,Mid-America Apartment Communities,Real Estate,52.86,2026-09-30
BE,Bloom Energy,Industrials,52.76,2026-09-30
FCX,Freeport-McMoRan,Materials,52.74,2026-09-30
SYK,Stryker Corporation,Health Care,52.56,2026-09-30
NI,NiSource,Utilities,52.45,2026-09-30
ES,Eversource Energy,Utilities,52.3,2026-09-30
EXC,Exelon,Utilities,52.3,2026-09-30
ALGN,Align Technology,Health Care,51.87,2026-09-30
NWS,News Corp (Class B),Communication Services,51.86,2026-09-30
NWSA,News Corp (Class A),Communication Services,51.86,2026-09-30
AZO,AutoZone,Consumer Discretionary,51.77,2026-09-30
GWW,W. W. Grainger,Industrials,51.73,2026-09-30
MAS,Masco,Industrials,51.72,2026-09-30
EQT,EQT Corporation,Energy,51.68,2026-09-30
BAX,Baxter International,Health Care,51.62,2026-09-30
DUK,Duke Energy,Utilities,51.61,2026-09-30
SHW,Sherwin-Williams,Materials,51.56,2026-09-30
TXT,Textron,Industrials,51.55,2026-09-30
VRT,Vertiv,Industrials,51.41,2026-09-30
LYB,LyondellBasell,Materials,51.21,2026-09-30
LLY,Lilly (Eli),Health Care,51.19,2026-09-30
OXY,Occidental Petroleum,Energy,51.18,2026-09-30
ADP,Automatic Data Processing,Industrials,51.11,2026-09-30
RMD,ResMed,Health Care,51.04,2026-09-30
MSI,Motorola Solutions,Information Technology,50.9,2026-09-30
APA,APA Corporation,Energy,50.84,2026-09-30
ITW,Illinois Tool Works,Industrials,50.78,2026-09-30
P,Everpure,Information Technology,50.77,2026-09-30
GDDY,GoDaddy,Information Technology,50.77,2026-09-30
IBM,IBM,Information Technology,50.77,2026-09-30
FE,FirstEnergy,Utilities,50.71,2026-09-30
CTAS,Cintas,Industrials,50.59,2026-09-30
CNP,CenterPoint Energy,Utilities,50.41,2026-09-30
SWKS,Skyworks Solutions,Information Technology,50.34,2026-09-30
STLD,Steel Dynamics,Materials,50.3,2026-09-30
CVX,Chevron Corporation,Energy,50.12,2026-09-30
ZTS,Zoetis,Health Care,49.95,2026-09-30
LULU,Lululemon Athletica,Consumer Discretionary,49.88,2026-09-30
HLT,Hilton Worldwide,Consumer Discretionary,49.84,2026-09-30
ROST,Ross Stores,Consumer Discretionary,49.84,2026-09-30
WYNN,Wynn Resorts,Consumer Discretionary,49.84,2026-09-30
TTWO,Take-Two Interactive,Communication Services,49.69,2026-09-30
TMUS,T-Mobile US,Communication Services,49.69,2026-09-30
GNRC,Generac,Industrials,49.66,2026-09-30
LDOS,Leidos,Industrials,49.66,2026-09-30
SW,Smurfit Westrock,Materials,49.62,2026-09-30
DOW,Dow Inc.,Materials,49.62,2026-09-30
BF-B,Brown–Forman,Consumer Staples,49.47,2026-09-30
GRMN,Garmin,Consumer Discretionary,49.42,2026-09-30
ALLE,Allegion,Industrials,49.35,2026-09-30
NVR,"NVR, Inc.",Consumer Discretionary,49.08,2026-09-30
CF,CF Industries,Materials,49.05,2026-09-30
IVZ,Invesco,Financials,48.97,2026-09-30
CFG,Citizens Financial Group,Financials,48.97,2026-09-30
ACGL,Arch Capital Group,Financials,48.97,2026-09-30
BNY,BNY Mellon,Financials,48.97,2026-09-30
FISV,Fiserv,Financials,48.97,2026-09-30
GL,Globe Life,Financials,48.97,2026-09-30
TROW,T. Rowe Price,Financials,48.97,2026-09-30
WTW,Willis Towers Watson,Financials,48.97,2026-09-30
KKR,KKR & Co.,Financials,48.97,2026-09-30
KEY,KeyCorp,Financials,48.97,2026-09-30
PGR,Progressive Corporation,Financials,48.97,2026-09-30
CB,Chubb Limited,Financials,48.97,2026-09-30
PNC,PNC Financial Services,Financials,48.97,2026-09-30
BKR,Baker Hughes,Energy,48.97,2026-09-30
HBAN,Huntington Bancshares,Financials,48.97,2026-09-30
STZ,Constellation Brands,Consumer Staples,48.91,2026-09-30
MNST,Monster Beverage,Consumer Staples,48.91,2026-09-30
BG,Bunge Global,Consumer Staples,48.91,2026-09-30
EVRG,Evergy,Utilities,48.58,2026-09-30
MCHP,Microchip Technology,Information Technology,48.46,2026-09-30
WBD,Warner Bros. Discovery,Communication Services,48.44,2026-09-30
TSLA,"Tesla, Inc.",Consumer Discretionary,48.15,2026-09-30
NUE,Nucor,Materials,48.1,2026-09-30
EXE,Expand Energy,Energy,47.96,2026-09-30
TPL,Texas Pacific Land Corporation,Energy,47.96,2026-09-30
HON,Honeywell Technologies,Industrials,47.94,2026-09-30
PSX,Phillips 66,Energy,47.91,2026-09-30
LEN,Lennar,Consumer Discretionary,47.82,2026-09-30
PWR,Quanta Services,Industrials,47.8,2026-09-30
GPC,Genuine Parts Company,Consumer Discretionary,47.76,2026-09-30
AEE,Ameren,Utilities,47.48,2026-09-30
AKAM,Akamai Technologies,Information Technology,47.4,2026-09-30
ROP,Roper Technologies,Information Technology,47.4,2026-09-30
ORCL,Oracle Corporation,Information Technology,47.4,2026-09-30
VRSN,Verisign,Information Technology,47.4,2026-09-30
COP,ConocoPhillips,Energy,47.28,2026-09-30
ORLY,O'Reilly Automotive,Consumer Discretionary,47.11,2026-09-30
DPZ,Domino's,Consumer Discretionary,47.11,2026-09-30
TJX,TJX Companies,Consumer Discretionary,47.11,2026-09-30
NCLH,Norwegian Cruise Line Holdings,Consumer Discretionary,47.11,2026-09-30
APH,Amphenol,Information Technology,47.06,2026-09-30
TYL,Tyler Technologies,Information Technology,47.04,2026-09-30
COO,Cooper Companies (The),Health Care,47.03,2026-09-30
DGX,Quest Diagnostics,Health Care,47.03,2026-09-30
ISRG,Intuitive Surgical,Health Care,47.03,2026-09-30
VLO,Valero Energy,Energy,46.92,2026-09-30
PSA,Public Storage,Real Estate,46.9,2026-09-30
UDR,"UDR, Inc.",Real Estate,46.9,2026-09-30
INVH,Invitation Homes,Real Estate,46.9,2026-09-30
TRGP,Targa Resources,Energy,46.78,2026-09-30
GEV,GE Vernova,Industrials,46.71,2026-09-30
HII,Huntington Ingalls Industries,Industrials,46.66,2026-09-30
WAB,Wabtec,Industrials,46.47,2026-09-30
PFG,Principal Financial Group,Financials,46.43,2026-09-30
BRO,Brown & Brown,Financials,46.43,2026-09-30
COF,Capital One,Financials,46.43,2026-09-30
CCI,Crown Castle,Real Estate,46.43,2026-09-30
GPN,Global Payments,Financials,46.43,2026-09-30
CME,CME Group,Financials,46.43,2026-09-30
UBER,Uber,Industrials,46.39,2026-09-30
URI,United Rentals,Industrials,46.39,2026-09-30
JCI,Johnson Controls,Industrials,46.38,2026-09-30
HAL,Halliburton,Energy,46.28,2026-09-30
RVTY,Revvity,Health Care,46.12,2026-09-30
ATO,Atmos Energy,Utilities,45.95,2026-09-30
CPRT,Copart,Industrials,45.85,2026-09-30
FOX,Fox Corporation (Class B),Communication Services,45.66,2026-09-30
FOXA,Fox Corporation (Class A),Communication Services,45.66,2026-09-30
RDDT,Reddit,Communication Services,45.66,2026-09-30
LYV,Live Nation Entertainment,Communication Services,45.66,2026-09-30
APP,AppLovin,Information Technology,45.66,2026-09-30
TKO,TKO Group Holdings,Communication Services,45.66,2026-09-30
ICE,Intercontinental Exchange,Financials,45.54,2026-09-30
XEL,Xcel Energy,Utilities,45.54,2026-09-30
WEC,WEC Energy Group,Utilities,45.52,2026-09-30
DG,Dollar General,Consumer Staples,45.46,2026-09-30
COST,Costco,Consumer Staples,45.46,2026-09-30
ARE,Alexandria Real Estate Equities,Real Estate,45.42,2026-09-30
INCY,Incyte,Health Care,45.31,2026-09-30
GD,General Dynamics,Industrials,45.24,2026-09-30
DVN,Devon Energy,Energy,45.17,2026-09-30
DXCM,Dexcom,Health Care,45.03,2026-09-30
ON,ON Semiconductor,Information Technology,44.91,2026-09-30
APO,Apollo Global Management,Financials,44.83,2026-09-30
USB,U.S. Bancorp,Financials,44.83,2026-09-30
SCHW,Charles Schwab Corporation,Financials,44.83,2026-09-30
RJF,Raymond James Financial,Financials,44.83,2026-09-30
JKHY,Jack Henry & Associates,Financials,44.83,2026-09-30
BX,Blackstone Inc.,Financials,44.83,2026-09-30
FAST,Fastenal,Industrials,44.79,2026-09-30
SNA,Snap-on,Industrials,44.76,2026-09-30
ODFL,Old Dominion,Industrials,44.76,2026-09-30
PAYX,Paychex,Industrials,44.76,2026-09-30
HOOD,Robinhood Markets,Financials,44.71,2026-09-30
AMP,Ameriprise Financial,Financials,44.71,2026-09-30
AOS,A. O. Smith,Industrials,44.69,2026-09-30
HUBB,Hubbell Incorporated,Industrials,44.61,2026-09-30
AEP,American Electric Power,Utilities,44.51,2026-09-30
PNR,Pentair,Industrials,44.39,2026-09-30
HONA,Honeywell Aerospace,Industrials,44.36,2026-09-30
VMC,Vulcan Materials Company,Materials,44.29,2026-09-30
Q,Qnity Electronics,Information Technology,44.04,2026-09-30
VRTX,Vertex Pharmaceuticals,Health Care,44.04,2026-09-30
ABT,Abbott Laboratories,Health Care,44.02,2026-09-30
EME,Emcor,Industrials,43.99,2026-09-30
PSKY,Paramount Skydance Corporation,Communication Services,43.94,2026-09-30
ECHO,EchoStar,Communication Services,43.94,2026-09-30
MOS,Mosaic Company (The),Materials,43.92,2026-09-30
GEN,Gen Digital,Information Technology,43.91,2026-09-30
FICO,Fair Isaac,Information Technology,43.91,2026-09-30
DDOG,Datadog,Information Technology,43.91,2026-09-30
APD,Air Products,Materials,43.89,2026-09-30
CPT,Camden Property Trust,Real Estate,43.81,2026-09-30
MTD,Mettler Toledo,Health Care,43.65,2026-09-30
BEN,Franklin Resources,Financials,43.61,2026-09-30
ERIE,Erie Indemnity,Financials,43.61,2026-09-30
CBOE,Cboe Global Markets,Financials,43.61,2026-09-30
COIN,Coinbase,Financials,43.61,2026-09-30
L,Loews Corporation,Financials,43.61,2026-09-30
SYF,Synchrony Financial,Financials,43.61,2026-09-30
NDSN,Nordson Corporation,Industrials,43.54,2026-09-30
LUV,Southwest Airlines,Industrials,43.45,2026-09-30
HCA,HCA Healthcare,Health Care,43.39,2026-09-30
IBKR,Interactive Brokers,Financials,43.0,2026-09-30
PNW,Pinnacle West Capital,Utilities,42.61,2026-09-30
CASY,Casey's,Consumer Staples,42.58,2026-09-30
EXR,Extra Space Storage,Real Estate,42.1,2026-09-30
IDXX,Idexx Laboratories,Health Care,42.01,2026-09-30
DASH,DoorDash,Consumer Discretionary,41.9,2026-09-30
FERG,Ferguson Enterprises,Industrials,41.83,2026-09-30
TDG,TransDigm Group,Industrials,41.74,2026-09-30
CVNA,Carvana,Consumer Discretionary,41.53,2026-09-30
ROL,"Rollins, Inc.",Industrials,41.5,2026-09-30
TDY,Teledyne Technologies,Information Technology,40.98,2026-09-30
INTC,Intel,Information Technology,40.82,2026-09-30
JBL,Jabil,Information Technology,40.64,2026-09-30
CAT,Caterpillar Inc.,Industrials,40.64,2026-09-30
TSCO,Tractor Supply,Consumer Discretionary,40.41,2026-09-30
SO,Southern Company,Utilities,40.02,2026-09-30
PKG,Packaging Corporation of America,Materials,39.94,2026-09-30
XOM,ExxonMobil,Energy,39.42,2026-09-30
LNT,Alliant Energy,Utilities,39.21,2026-09-30
CMS,CMS Energy,Utilities,38.85,2026-09-30
ETR,Entergy,Utilities,38.76,2026-09-30
FDXF,FedEx Freight,Industrials,38.65,2026-09-30
COHR,Coherent Corp.,Information Technology,38.51,2026-09-30
KMI,Kinder Morgan,Energy,37.62,2026-09-30
PLTR,Palantir Technologies,Information Technology,36.69,2026-09-30
MRK,Merck & Co.,Health Care,36.61,2026-09-30
UHS,Universal Health Services,Health Care,36.27,2026-09-30
WM,Waste Management,Industrials,36.1,2026-09-30
PODD,Insulet Corporation,Health Care,35.21,2026-09-30
MPWR,Monolithic Power Systems,Information Technology,34.54,2026-09-30
CPAY,Corpay,Financials,33.57,2026-09-30
AES,AES Corporation,Utilities,29.7,2026-09-30
AXON,Axon Enterprise,Industrials,28.97,2026-09-30
ADM,Archer Daniels Midland,Consumer Staples,26.48,2026-09-30
SMCI,Supermicro,Information Technology,26.34,2026-09-30
